id,x9,x10,x11,x12,x13,x14,x15,x16,x17,x18,x19
133,-0.789267,-0.33736,-0.728193,-0.442587,-0.272757,-0.608018,-0.577235,-0.501126,0.143371,-0.466431,-0.554102
273,0.045702,-0.493639,0.34862,-0.552483,-0.526877,2.253098,-0.82762,-0.780739,-0.376997,-0.310239,0.176301
175,0.629755,-0.666881,-0.779358,-0.708418,-0.637545,0.710369,-0.976454,-1.057501,-1.913447,0.795207,-0.149751
551,0.385927,-0.451772,0.453852,-0.431696,-0.494754,-1.182041,0.281228,0.084759,-0.25242,1.038575,0.351054
199,0.264013,-0.707304,-1.026834,-0.702973,-0.460212,-0.999033,-0.531406,-0.39436,-0.72883,-0.644416,-0.688003
274,-1.091216,0.057848,0.392164,-0.050027,0.120414,-0.532348,-0.770613,-0.519694,-0.531097,-0.769127,-0.394858
420,-0.01809,-0.428673,0.404865,-0.32675,-0.44085,0.07901,-0.279903,0.416992,-0.486165,-0.225484,-0.172446
76,0.512094,0.017786,-0.368046,-0.105966,-0.169129,2.11976,0.162743,-0.672216,-0.577002,0.626908,0.896114
315,-0.860147,-0.843011,-0.910353,-0.90049,-0.608283,-0.704355,-1.255622,-0.970629,-1.363557,-0.800607,-0.927058
399,-0.369656,-0.221505,-0.139439,-0.317344,-0.336122,-0.526014,-0.326291,-0.368166,-1.03784,-0.698901,-0.273818
238,-0.213719,-0.251822,2.008745,-0.376748,-0.228313,-0.24467,0.166096,0.219045,-0.273508,-1.052451,-0.077883
246,-0.914016,-0.87405,0.696974,-0.986625,-0.589142,-0.260004,-0.547055,-0.036596,-1.040273,-0.111671,-0.584362
253,-0.945203,-0.346022,-0.653261,-0.333185,-0.147567,-0.761357,-0.583942,-0.284279,0.133639,-0.799396,-0.541998
550,-0.470306,-0.320758,0.158114,-0.371797,-0.432709,0.846041,-0.806941,-1.057501,-1.913447,1.149967,-0.592683
208,1.460471,-0.765413,-0.534421,-0.680696,-0.555479,-0.596684,0.275639,-0.219954,-0.566458,0.556683,0.152472
185,-0.328545,0.069759,0.092797,-0.092105,-0.30598,2.449773,-0.753287,-1.004549,-1.523495,0.585742,-0.122895
156,-0.161268,1.465801,0.332291,1.323683,1.178696,0.665367,1.344806,0.668654,1.072832,-0.334455,0.443725
0,2.255747,2.489734,-0.565265,2.833031,2.487578,-0.214002,1.316862,0.724026,0.66082,1.148757,0.907083
70,-1.160679,1.384594,-0.760851,1.296951,1.22578,-0.865695,-0.500666,-0.305168,0.308825,-0.809083,-0.793157
293,-0.800607,-0.715245,0.038367,-0.807919,-0.582101,0.184681,-0.585618,-0.589324,-0.522013,-0.317504,-0.760627
287,-0.990566,-0.90942,-1.356863,-0.866828,-0.608503,-0.770024,-0.672247,-0.509747,-0.955599,-0.52697,-0.648286
222,0.890594,-0.571959,0.000266,-0.606442,-0.556359,0.286019,-0.641508,-0.774539,-0.676761,0.705609,-0.012824
262,-1.156426,1.550617,0.755033,1.623671,1.113351,-0.107997,1.918792,0.480322,1.572438,0.838796,0.772804
309,-1.079875,-0.02769,-0.704607,-0.148043,-0.161208,-0.964365,-1.160666,-0.963633,-1.131435,-0.765494,-0.575662
534,0.181792,-0.918443,0.664316,-0.842076,-0.665487,0.82004,0.463987,0.40174,0.269895,-0.886573,-0.098687
54,-0.844553,-0.341691,-0.694809,-0.380708,-0.229414,-0.788692,-0.848299,-0.525994,-0.41755,-1.161421,-0.819256
172,1.118828,0.056765,-1.013408,-0.030226,0.094672,-0.549349,-0.126765,0.369246,0.22772,-0.317504,0.141124
484,-0.029431,-0.87405,-1.505458,-0.852967,-0.582321,-0.335673,-0.406772,0.048618,-0.18267,-1.064558,-0.582092
102,-0.854476,-0.767939,0.642544,-0.833166,-0.5645,-0.653686,-1.083147,-0.703052,-0.810908,-0.735225,-0.855946
458,-1.17769,-0.516377,0.027481,-0.598521,-0.421268,-0.329006,-0.922409,-0.869136,-0.885687,-1.016127,-0.862755
495,-0.753827,-0.623932,0.760476,-0.628718,-0.406967,-0.542015,-0.657716,-0.34363,0.005493,-0.115303,-0.750036
158,-0.528427,-0.804753,-0.886041,-0.839106,-0.595962,-0.504347,-0.876859,-0.780905,-0.895906,-0.713431,-0.478452
160,0.245584,0.348751,0.863894,0.524703,-0.043939,0.797373,-0.079818,0.324152,-0.044792,1.625806,0.478903
292,0.269684,-0.706582,-0.822358,-0.809404,-0.498714,0.561363,-0.304494,-0.283284,-0.077234,0.69108,0.352188
493,-0.378161,-0.279974,0.488324,-0.375263,-0.346243,1.116386,-0.863389,-0.844765,-0.632802,0.986511,0.388122
394,-0.168356,-0.436974,0.789506,-0.493575,-0.398607,0.368355,-0.512403,-0.446417,-0.694766,-0.047499,-0.755332
528,0.251255,0.508639,2.573006,0.606383,0.096872,0.999714,0.390772,0.521768,2.714394,-0.410734,0.655546
335,-0.29594,1.483125,1.654948,1.589019,1.030404,-0.195334,-0.419626,0.435228,0.915489,-0.272705,-0.023415
311,-1.452705,-0.321841,-0.554016,-0.451497,-0.251635,-0.67002,-1.087451,-0.88094,-0.887634,-0.678318,-1.096968
25,1.606484,2.312883,-0.436991,2.183056,1.563506,0.329354,0.699282,0.179919,1.974718,0.307261,1.380276
522,0.089648,-0.977273,-0.242856,-0.933063,-0.682165,-0.947031,-1.094213,-0.929979,-1.254065,-0.686793,-0.567341
512,1.481735,-0.052594,-0.519362,0.112343,-0.146687,-0.542348,-0.158063,0.08708,0.250429,-0.422842,0.079469
230,0.064131,-0.394386,-0.975851,-0.352986,-0.18387,-0.503013,-0.301699,-0.044554,0.331534,-1.062137,-0.551832
548,-0.063453,-0.395108,0.26516,-0.401994,-0.486174,0.133012,-0.796322,-0.282621,-0.353802,0.180129,0.135829
213,-0.586549,0.449087,0.816721,0.445993,0.400275,8.029999,3.357389,3.710479,4.456526,0.146227,3.315409
390,0.410026,-0.772631,-1.214074,-0.751486,-0.626104,-0.453011,-0.661069,-0.775799,-0.789497,-0.140729,-0.538594
275,-0.573791,0.851874,1.9525,0.571731,0.187079,2.37977,-0.591766,-0.637401,1.184757,0.755252,-0.299917
219,-1.370484,1.205577,0.188958,0.918747,1.530503,-0.50068,0.053758,-0.174198,-0.164827,-0.874465,-0.582092
236,0.041449,2.356193,-0.45967,2.1687,2.540382,-0.204335,0.176156,0.433571,0.87007,-0.562083,-0.280626
336,1.358404,-0.80764,-1.044433,-0.962418,-0.57044,-0.603351,-0.135708,-0.025323,-0.726884,-0.502754,0.720983
20,0.753087,-0.793925,-0.851206,-0.73416,-0.56472,-0.981366,-0.363178,-0.494494,-0.860707,-0.455534,-0.518168
193,0.931705,0.000462,1.074358,-0.110916,-0.129746,0.685701,0.724991,0.190198,0.229342,-0.213376,0.710014
200,-0.378161,-0.186856,0.198029,-0.276256,-0.288158,0.15768,-0.429687,-0.592971,-0.064257,-0.667421,-0.172825
83,1.338557,0.410829,3.07195,1.452886,0.58883,0.168014,1.957356,-0.34993,1.076077,1.212928,2.494604
376,3.07654,-1.059924,0.025667,-0.24903,-0.728456,0.486027,2.847676,4.032102,2.821453,-0.529391,3.179239
295,-0.521339,-0.671573,-0.947547,-0.686637,-0.497174,-0.897696,-0.968294,-0.915854,-0.805718,0.1208,-0.753819
77,0.557457,2.07684,-1.208994,1.705351,2.078346,0.299686,1.839429,0.486953,1.444293,0.649913,1.232757
441,-1.23723,0.378346,0.838493,0.206398,0.396975,0.356021,0.98376,0.581119,0.912245,-0.557239,-0.021146
109,0.353322,-0.616352,-0.418666,-0.628223,-0.526437,0.690702,-0.553761,-0.247475,-0.869628,-0.58872,-0.498499
319,-1.018918,-0.098791,1.783766,-0.187646,-0.201911,0.105345,-0.820913,-0.72729,-0.096699,1.669394,-0.315425
349,0.427038,-0.159426,-0.302729,-0.203487,-0.301139,-0.413676,-0.073111,-0.798345,-0.207002,0.823055,-0.257553
89,0.093901,0.38376,-0.870256,0.46926,0.053308,-0.511014,1.041885,0.413345,0.719215,0.451344,0.395687
419,-0.192455,-0.428312,0.836678,-0.444567,-0.469672,-0.044328,-0.896252,-0.82633,-0.914398,0.774624,-0.65623
562,1.23649,-0.523235,-0.021506,-0.249525,-0.389146,-0.805359,1.283328,1.382525,0.694884,0.100217,0.887792
370,-0.087553,0.09394,-0.353531,0.052444,0.113593,-0.468679,0.765232,0.955794,0.772745,1.383649,0.109729
546,-0.111652,-0.702973,-0.45332,-0.747526,-0.602123,0.015008,-1.01893,-0.721952,-1.022105,-0.598406,-0.449704
49,-0.796355,-0.618518,0.247017,-0.559909,-0.44305,-0.862028,-0.651568,-0.362861,0.007115,-0.500333,-0.695568
412,0.629755,-1.034299,-0.063236,-0.837621,-0.737829,-0.50868,0.070525,0.180914,-1.081636,-0.124989,0.298098
417,0.82822,3.482267,-0.006991,3.246381,2.995817,0.385689,0.749583,0.432244,1.556217,-0.043867,0.764104
440,0.510676,-0.53334,0.288747,-0.029731,-0.488154,0.508028,1.168195,1.074496,0.954419,-0.651681,0.446751
482,0.509259,-0.889208,-1.167627,-0.873263,-0.604983,-0.863695,-0.612445,-0.615186,-0.487462,-0.431318,-0.381241
291,-0.606396,-0.423981,-0.487793,-0.344076,-0.340302,-0.569683,-0.241898,-0.548209,0.011981,-0.644416,-0.37065
198,-1.064282,0.110182,-0.261,0.478665,0.305448,-0.50568,0.642834,-0.160272,0.067133,-0.77397,-0.150508
542,-0.850224,-0.368399,0.305076,-0.341105,-0.284418,-0.755357,-0.768936,-0.411933,0.144993,-0.223063,-0.442139
320,1.416525,-0.135245,0.461109,-0.628223,-0.388486,1.14972,0.959727,0.270107,0.59107,0.804894,1.43777
94,0.006009,0.25852,-0.458037,0.415796,0.149676,0.73637,0.652335,0.556252,1.089053,-0.673475,-0.103983
116,1.252083,-0.331946,-0.431729,0.204913,-0.514776,3.769827,2.354171,2.013834,1.830352,0.399281,0.683158
429,-1.043018,-0.39619,-0.604636,-0.374767,-0.376165,0.098678,-0.767818,-0.879016,-1.001343,-0.138308,-0.989091
518,1.379668,0.135085,-0.086823,0.15343,-0.131286,-0.58935,-0.122294,-0.591645,0.104441,-0.288445,-0.187576
323,0.553204,0.595621,-0.351717,0.567276,0.631953,-0.518681,-0.065287,0.000208,0.307203,0.864222,-0.170177
248,0.069801,-0.561131,0.501025,-0.677726,-0.521376,0.049342,-0.845505,-0.699073,-0.900448,0.125643,-0.444787
280,-0.084717,0.833467,-0.391632,0.72024,0.644934,0.117012,-0.055227,0.264801,0.183924,-0.749754,-0.131973
391,1.159939,0.40325,1.56423,0.148975,-0.252735,2.926459,-0.325173,-1.057501,-1.913447,-0.229117,1.112474
462,-1.200372,-0.626819,-0.55456,-0.563869,-0.43601,-0.561682,-0.485576,-0.403976,-0.880172,-0.775181,-0.719776
406,-0.573791,-0.600833,-1.051691,-0.562879,-0.407187,-1.027701,-0.727578,-0.450396,-0.4946,-0.671053,-0.822282
416,0.45539,0.090331,3.013891,-0.052998,-0.333702,2.566444,-0.488371,-0.604244,-0.506441,1.198399,0.300746
411,0.085395,-0.752419,0.308704,-0.754456,-0.589582,-0.627685,-0.901115,-0.707363,-0.699633,-0.407102,-0.604031
474,0.789944,-0.927466,-1.231674,-0.774752,-0.676334,-0.855694,0.304702,-0.143362,-0.828103,-1.019759,0.331763
96,0.503588,-0.141019,0.533683,-0.225763,-0.349763,-0.536015,-0.765024,-0.682495,0.550517,0.200712,-0.146347
232,-0.640418,-0.654249,0.780434,-0.681686,-0.547338,-0.894029,-1.043186,-0.950636,-1.358853,-0.167367,-0.476939
354,-0.278929,0.061457,-0.739624,0.229665,-0.252955,-0.500013,0.469017,0.436223,0.472657,1.268624,0.391905
240,-0.878576,-0.292245,-1.008146,-0.430706,-0.289258,-0.190334,-0.72646,-0.457359,-0.124275,-0.189161,-0.756845
378,-0.542604,-0.95634,-1.224961,-0.873758,-0.637765,-0.609684,0.243782,-0.247475,-0.558023,-0.286024,0.4059
177,0.061296,-0.366234,0.121827,-0.190121,-0.192451,-0.137999,0.864156,0.723363,1.027414,-0.45069,0.298477
33,-0.026596,0.543648,-1.107935,0.327681,0.612372,-0.675354,0.430453,0.102,-0.34926,-0.618989,0.03824
251,-0.490152,-0.045014,-0.67848,-0.090125,-0.293659,-0.220335,-0.828738,-0.644696,-0.425174,0.287889,-0.882802
224,-0.858729,-0.405935,-0.591754,-0.406944,-0.344483,-0.33634,-0.806941,-0.308484,-0.444315,-0.692847,-0.491312
186,-1.211713,-0.532258,-1.344707,-0.519316,-0.251195,-1.391716,-0.91084,-0.589324,-0.823561,-1.192902,-1.024268
85,-0.365403,1.063013,0.468367,0.948449,0.885853,-0.190001,-0.502343,-0.127115,0.38993,0.38233,-0.015094
422,0.057043,-0.575929,-0.876244,-0.593571,-0.537878,-0.385675,-0.303376,-0.185139,0.201767,-0.2497,-0.685733
104,0.285277,-0.181081,0.575413,-0.279227,-0.378585,0.184681,-0.183773,-0.102578,-0.516173,0.793997,-0.130082
461,-0.931027,7.730307,0.161743,7.813534,11.041842,0.203015,1.579542,1.613298,2.30076,-0.432529,0.288642
142,0.400103,-0.436253,1.253978,-0.459913,-0.417088,-0.125665,-0.454278,-0.673542,-0.369211,0.275781,-0.101713
380,0.8991,-0.537671,-0.41921,-0.523277,-0.534577,-0.135332,-0.430804,-0.360872,-0.025327,0.065104,-0.027954
123,0.173287,-0.405213,-0.652898,-0.464368,-0.355263,-1.07437,-0.710811,-0.101915,0.033069,-0.174631,-0.373298
428,-0.186785,-0.951648,-0.453139,-0.939597,-0.67398,-0.386009,-1.073925,-0.745891,-0.909532,-0.054764,-0.536324
396,-0.2846,-0.691424,0.208915,-0.669806,-0.463072,-0.533015,-0.330203,0.038007,0.303959,-0.895048,-0.503416
66,0.877836,-0.613826,1.440855,-0.597036,-0.57506,1.159721,-0.4431,-0.489189,-0.399545,0.272148,0.167223
170,-0.460382,-0.610577,-1.000163,-0.592086,-0.503995,0.334687,-0.764465,-0.499468,0.099574,-0.15768,-0.585118
481,-0.972138,-0.265537,-0.526982,-0.401004,-0.262416,-1.112371,-0.819237,-0.550198,-0.895582,-1.201377,-0.596844
313,-0.25483,-0.988823,-1.554264,-0.870788,-0.679833,-0.972366,-0.675042,-0.724936,-1.156415,-0.026916,-0.697081
53,0.042867,1.546647,0.682459,0.995477,1.286504,-1.047369,0.230928,-0.123467,-0.41755,0.750408,0.503489
296,-0.352645,-0.829657,-0.344459,-0.791583,-0.643486,-1.187708,-0.74155,-0.702057,-0.389812,1.073688,-0.138782
114,1.918357,-0.861418,-1.143859,-0.748516,-0.690217,0.40669,-0.187126,0.023087,-0.226467,-0.41921,0.004197
243,-1.206042,0.106573,-0.290029,-0.018345,-0.008956,-0.896696,0.066613,0.060223,-0.279996,0.658389,-0.267766
140,0.201639,-0.74484,-1.307876,-0.81584,-0.617744,-0.333673,-1.10785,-1.057501,-1.913447,0.269727,-0.217458
152,4.275833,1.513443,2.625622,0.597473,0.209301,1.309727,3.93361,12.07268,6.649601,1.806213,9.851593
268,-0.724057,-0.615991,0.003895,-0.65347,-0.486174,-0.50768,-0.206687,-0.199065,-0.88666,0.652335,-0.619539
91,-0.259083,-0.333029,-0.681383,-0.391599,-0.239754,0.947045,-0.058021,0.444844,0.946309,0.504619,-0.625213
255,-0.212302,0.071563,-0.738535,-0.150024,-0.101144,-0.230002,0.073319,-0.023333,0.263406,0.009408,-0.41604
559,0.411444,-0.600472,3.061064,-0.460408,-0.514116,0.386356,0.242665,0.845049,0.141749,-0.685583,0.356727
14,1.98782,-0.696838,-0.086823,-0.398529,-0.464832,-0.204001,1.893642,0.766467,0.727326,-0.112881,1.625761
100,-0.579461,0.185253,0.132713,-0.002504,0.061669,-0.389675,-0.592325,-0.179834,-0.304165,-0.713431,-0.544646
353,0.261178,0.895907,0.524611,0.647471,0.506764,1.159721,-0.065287,0.571172,0.918733,0.079633,0.405522
543,-0.707046,-0.613826,0.689717,-0.656935,-0.494754,-0.689354,-0.657157,-0.560808,-0.434582,-0.399837,-0.927436
165,-1.437112,-0.798256,-0.275514,-0.782178,-0.521376,-1.135706,-0.977795,-0.783358,-0.870115,-0.15768,-0.860485
43,0.711976,-0.1255,-0.711138,-0.217348,-0.198171,-0.656353,-0.224013,-0.33302,-0.362723,-0.405891,-0.180768
201,-1.118151,-0.029134,-0.705151,0.109867,0.008645,-0.317006,0.011841,-0.157951,0.268273,-0.557239,-0.430035
108,1.0763,2.922839,0.595371,3.556271,2.852806,-0.175333,3.420544,2.39083,2.109352,1.280732,0.469825
328,-0.003914,0.116678,0.027481,0.199963,0.089611,-0.114664,-0.259782,0.019439,0.344511,-0.627465,-0.380484
439,-0.983478,-0.689258,-1.019577,-0.623768,-0.463952,-0.734689,-0.907654,-0.752025,-0.168071,-1.069402,-0.639587
162,-0.280347,1.195471,-0.306358,0.9534,1.248221,-0.9947,-0.151357,0.278396,0.200144,-0.445847,-0.18039
325,-0.419272,-0.704417,-0.483257,-0.643569,-0.500035,-0.077329,-0.892228,-0.616844,-0.863302,0.003354,-0.760627
183,-0.08897,-0.255431,-0.197498,-0.477239,-0.386506,0.105011,0.659601,0.903737,0.863582,0.134119,0.374127
197,-1.332209,0.833828,0.159928,0.715785,0.792566,-0.50368,1.535949,0.968393,0.42886,0.103849,0.469446
498,0.59148,1.397226,-0.311801,0.982606,1.219619,0.31102,0.372328,0.413013,0.638111,-0.529391,0.552283
477,-1.054359,-0.901119,-1.162366,-0.729704,-0.578801,-1.244377,-0.689014,-0.729114,-1.12965,-0.893838,-0.642991
421,1.596561,0.508999,0.533683,0.954885,0.2005,0.97838,1.506886,0.692527,0.649465,0.724982,0.623773
374,-0.865817,-0.846981,-1.288644,-0.739605,-0.579461,-0.937031,-0.536994,-0.669895,-0.885849,-0.134675,-0.611974
470,0.18888,-0.099513,0.241574,-0.147053,-0.387386,0.153347,-0.312319,-0.157619,-0.310329,-0.114092,0.04467
382,0.537611,-1.031411,0.393979,-0.538623,-0.67739,-0.666353,1.124602,0.369909,0.790588,0.503408,1.347746
510,0.677954,-0.767939,-1.043526,-0.752971,-0.600582,-0.01966,0.764673,0.274417,0.565116,0.249143,1.145003
132,-0.551109,0.101159,0.087354,-0.01092,0.07355,-0.721356,-0.332998,-0.321746,-0.41609,-0.628676,-0.537837
545,-0.678694,-0.213564,0.216173,-0.396054,-0.200151,-0.391009,-0.25084,-0.387397,-0.443179,0.039678,-0.458404
121,-0.094641,1.110294,0.660687,1.004388,1.10301,0.353688,-0.249722,0.050607,0.683529,-0.011175,0.293181
45,-0.327128,0.807481,-1.004336,0.706379,0.686958,-0.249003,0.808267,0.78404,0.836006,0.452555,-0.098309
333,-0.281764,-0.688536,-0.400523,-0.661885,-0.555919,-0.474679,-1.025804,-1.025216,-1.436389,-0.428896,-0.667577
134,-0.783596,0.688377,-0.026949,0.445498,0.616332,-0.346674,-0.629212,-0.110868,-0.429553,-0.68074,-0.601383
182,-1.03593,-0.127304,-0.121295,-0.227743,0.014145,-0.805026,-0.159181,-0.409612,-0.329146,-0.614146,-0.516277
519,0.486577,-0.07858,-0.388004,-0.183686,-0.257796,0.156013,-0.551526,-0.401986,-0.421281,-0.301764,-0.062753
207,-1.498069,0.651924,-0.655801,0.613809,0.618752,-0.667687,-0.583942,-0.412265,-0.091833,0.29031,-0.459161
99,0.156275,-0.417485,1.15056,-0.242594,-0.296739,0.321353,0.194041,0.043644,0.396418,-0.717063,0.248547
366,-0.368238,2.060599,1.224948,2.109791,1.391892,0.466026,1.188316,0.90009,2.20019,2.004782,0.185758
180,-0.722639,1.555309,0.479253,1.462291,1.944135,-0.803359,-0.006044,-0.026649,0.099574,-0.580244,-0.396371
318,3.491898,0.217014,1.259421,0.446983,-0.355043,0.934712,2.259159,2.347726,2.185591,1.73962,1.544058
501,1.356986,0.252385,0.564527,0.053434,-0.028318,0.879709,0.731139,0.095037,0.707861,0.45982,1.210441
229,1.381085,-0.357572,-0.268257,-0.301503,-0.334582,-0.019327,0.732257,0.495243,0.518075,-0.453112,0.68921
7,1.660353,0.643623,0.290561,0.490051,0.233722,0.588031,0.268933,-0.232554,0.435349,-0.688004,0.611669
247,0.18321,-0.731486,-1.409116,-0.234179,-0.527757,-0.513347,1.701382,1.647449,0.308825,-0.954377,1.422261
494,-0.555362,-0.29405,0.464738,-0.267346,-0.3139,0.253684,-0.277108,-0.612865,-1.010913,0.038467,-0.413771
174,-0.43203,-0.268063,1.284821,-0.351996,-0.403887,0.557363,-0.855565,-1.057501,-1.913447,1.465982,-1.05642
340,0.187463,-0.202376,-0.809657,-0.09359,-0.18035,-0.82136,0.282346,0.215729,0.102819,-0.21943,-0.159586
125,-0.552527,-0.673739,-0.654531,-0.678716,-0.493434,-0.814026,-0.91151,-0.754877,-1.13257,-0.977382,-0.789374
209,-1.068535,-0.692146,-1.549547,-0.663865,-0.447451,-0.916697,-0.733167,-0.44708,-0.717476,-1.332263,-0.809043
347,-0.521339,-0.225114,-1.4855,-0.162894,-0.248115,-0.769691,-0.582265,-0.442438,-0.18267,0.131697,-0.382754
332,-0.356897,-0.38825,1.35921,-0.449022,-0.455811,1.949753,-0.806941,-0.948182,-1.107752,2.65013,-0.69292
361,-0.827542,-0.516377,0.584485,-0.414865,-0.425889,-0.514347,-0.28102,-0.462332,-0.875468,-0.272705,-0.695568
500,0.835308,-0.119725,-0.679569,-0.278237,-0.120945,-0.972699,-0.407331,-0.395687,-0.284862,-1.209853,-0.211028
300,0.385927,2.547481,-0.101337,2.163749,2.038743,-0.32834,0.366181,0.811892,0.897646,-0.206112,0.375262
283,0.573051,-0.425425,-0.543493,-0.199032,-0.269457,-0.826026,0.521553,0.226339,0.047667,-0.806661,0.108216
107,-0.303028,-1.029607,-0.585041,-0.998803,-0.684475,-1.194708,-0.838798,-0.670558,-1.011886,-0.972539,-0.922519
131,-0.685782,0.249497,-0.781898,0.112838,0.175418,-0.267004,-0.594561,-0.124794,-0.140496,-0.795764,-0.504551
303,0.453972,-0.926383,0.628029,-0.90643,-0.665707,0.611365,-0.900724,-0.458022,-0.421281,-0.318715,-0.180768
567,1.043695,1.157935,0.686088,1.43853,1.009503,-0.173,2.017716,1.302285,0.785721,0.326634,0.904057
507,2.404595,-0.820273,-0.339016,-0.766337,-0.616864,1.859749,-0.111675,-0.460674,0.170947,0.200712,1.708976
3,4.910919,0.326373,-0.110409,0.286593,-0.288378,0.689702,2.74428,0.819518,1.115007,4.73268,2.047511
516,-0.480229,0.504307,-0.534058,0.174221,0.59455,-0.288338,-0.374915,-0.091637,-0.216734,-0.599617,-0.404693
143,-0.063453,-0.688897,-0.808569,-0.58268,-0.521376,-0.57235,-0.550408,-0.55683,-0.683249,0.060261,-0.721667
398,-0.093223,-0.792843,-0.959341,-0.793563,-0.601903,-0.927364,-0.602944,-0.414254,-1.237358,-1.045186,-0.097552
530,0.563128,0.119927,1.252163,0.140064,-0.212912,-0.151332,-0.409566,-0.481563,0.221232,-0.26544,-0.558641
119,-1.778754,0.52488,-0.005177,0.243031,0.301488,-1.0057,-0.95326,-0.297873,-0.313574,3.583645,-0.715993
259,0.524852,-0.589283,0.110941,-0.476744,-0.381005,-0.565349,0.004575,-0.099594,-0.255665,-1.282863,-0.164881
450,0.470983,-0.538393,0.6117,-0.451002,-0.44217,-0.062329,1.964621,1.151752,0.605669,0.362957,1.940466
192,0.237079,-0.185052,6.655279,-0.314869,-0.410268,-1.776065,-1.04749,-1.057501,-1.913447,2.112542,-0.796939
514,-0.517087,-0.069196,-0.034207,-0.116857,-0.040639,-0.696355,-0.512962,-0.073732,-0.384946,-1.092406,-0.785592
241,-0.745321,-1.046209,-0.984016,-1.044049,-0.689337,-1.258711,-1.148426,-0.842212,-1.303215,-0.404681,-0.921006
402,-0.539768,-0.61166,0.149042,-0.232199,-0.44283,-1.137372,0.651217,0.08708,-0.185915,0.699555,-0.034006
148,-0.281764,-0.593975,-0.866265,-0.369322,-0.421048,-0.445011,-0.140179,-0.024991,0.508343,-0.726749,-0.479208
395,-0.731145,-0.919526,0.849379,-0.806434,-0.608723,-0.556682,-0.712488,-0.682163,-0.428418,-0.405891,-0.889233
299,0.391598,-0.42723,-0.133996,-0.285662,-0.43513,1.043049,-0.617475,-0.440448,0.114173,1.706929,-0.689894
149,-0.991984,-0.560049,-0.833607,-0.640104,-0.415108,-1.40105,-0.5342,-0.467306,-0.96809,-0.878097,-0.688003
60,0.96431,0.399279,0.406679,0.220754,-0.125786,0.15768,-0.809735,-0.803352,-0.584464,2.577483,0.816303
61,0.676536,-0.169532,1.542458,-0.184676,-0.482873,1.62974,0.343266,-0.06279,-0.411548,1.577375,-0.282517
126,-0.212302,-0.628624,-0.384375,-0.551493,-0.451191,-0.984366,-0.767818,-0.462001,-0.797445,-0.885362,-0.881289
372,-0.137169,-0.230167,0.167186,-0.227248,-0.028098,-0.871695,0.071084,0.082106,0.265028,-0.459166,0.216396
82,0.711976,1.776193,0.466552,2.235529,1.75272,0.375022,1.75783,0.842397,1.379409,-1.197745,0.793608
425,0.225738,-0.794286,0.225245,-0.832671,-0.632265,-0.439011,-1.105559,-0.988733,-1.341334,-0.737646,-0.523463
337,-0.278929,0.855484,0.568156,0.744002,1.054166,0.169014,0.754054,0.240265,1.03228,0.137751,0.2459
386,-0.178279,-0.500136,-0.700252,-0.380708,-0.448331,-0.878695,0.267256,0.38284,-0.150228,-0.161313,0.31285
184,0.05279,-0.721019,-1.308602,-0.753466,-0.457791,-1.250377,-0.644302,-0.469295,-0.93873,-1.068191,-0.46143
58,-1.103975,-0.00423,-0.005177,-0.134183,-0.162308,0.150013,-0.943703,-1.034556,-1.23752,0.164388,-0.304456
88,0.176122,-0.387528,0.517354,-0.328235,-0.426549,0.023675,-0.030635,-0.161266,0.183924,-0.116514,0.252708
117,0.69213,0.077338,-0.48616,0.060859,0.018546,-0.01866,0.008487,-0.059143,0.148237,-0.547553,0.033701
459,-0.464635,-0.819551,0.853008,-0.803464,-0.639305,-0.150999,-0.714164,-0.576724,-0.92332,-0.581455,-0.577553
221,0.032944,-0.535145,-1.304066,-0.42328,-0.424789,-0.396676,-0.130678,-0.213986,-0.557375,-0.256965,-0.33169
223,0.032944,-0.208872,-0.536961,-0.307938,-0.17925,-0.758357,-0.097144,-0.267037,-0.512443,-0.34172,-0.251123
128,0.265431,0.092858,-0.270071,-0.034681,-0.010937,0.655034,0.915016,0.00485,1.749247,0.361746,0.449777
294,-0.25483,-0.810167,-0.950269,-0.755446,-0.593102,-0.325673,-0.764465,-0.839858,-0.619339,-0.823612,-0.908902
541,0.086813,-0.54489,-0.250114,-0.124282,-0.379025,0.032342,1.176579,0.212082,-0.028571,0.016673,0.876066
111,1.120246,-0.226558,1.063471,-0.076759,-0.43689,1.95642,0.835094,0.633839,1.809264,0.108692,0.792851
266,0.299453,0.163598,-0.036021,0.279168,-0.291238,0.143013,0.577443,0.054586,0.300714,1.75536,-0.18039
568,-0.561032,-0.070279,0.383092,-0.157449,-0.466152,0.049342,-1.163516,-1.057501,-1.913447,0.75283,-0.382754
362,-0.137169,-0.663633,0.123641,-0.658915,-0.507735,-0.477679,-0.50402,-0.55053,-0.291837,-0.175842,-0.628617
271,-0.013837,-0.775157,-1.247458,-0.842571,-0.597722,-0.189667,-0.796881,-0.632428,-0.478054,-0.438583,-0.369893
187,-0.261918,-0.577734,-0.81891,-0.556444,-0.494534,-0.045328,-0.937499,-0.401655,0.008737,-0.190372,-0.803369
155,-0.073377,-0.668325,-0.425561,-0.684162,-0.524236,-0.50768,-0.550967,-0.39635,-0.628098,-0.309029,-0.495851
5,1.890005,-0.25507,-0.592662,-0.321304,-0.289258,0.156347,0.445544,0.160025,-0.069124,0.134119,0.486846
511,-1.320868,-0.674821,-1.077091,-0.588621,-0.431609,-0.110997,-0.754964,-0.566114,-0.200513,-0.57419,-0.762518
252,0.59148,1.302665,-0.792602,0.618264,1.154494,0.48036,1.402373,1.197177,1.283705,-0.711009,1.310299
480,0.006009,-0.67049,-0.048721,-0.588126,-0.529737,-0.710022,-0.492842,-0.594297,-1.076283,-0.726749,-0.732636
513,-0.906928,0.040885,-1.076184,-0.151014,-0.071001,-0.696021,-0.411243,-0.051185,-0.510658,-0.623833,-0.572636
86,-0.912598,0.054961,1.820053,0.215309,-0.032278,0.776038,0.243224,0.723363,0.943065,0.440447,-0.206489
105,2.001996,-0.051872,-0.5317,-0.225763,-0.124905,0.040342,0.203542,0.757183,0.338023,-0.614146,1.249401
242,1.969391,-0.586035,0.771362,-0.24606,-0.526877,-0.125998,1.881346,1.886843,0.217988,-0.071715,1.845903
312,-0.198126,-0.283944,-1.011412,-0.257445,-0.333482,-0.182334,0.123061,-0.017365,-0.179426,-0.391362,0.225852
473,-0.453294,0.145552,4.409122,0.008881,-0.114565,0.099344,-0.963264,-1.057501,-1.913447,1.315845,-0.249231
364,-0.820454,-0.890652,-1.096686,-0.905935,-0.596622,-0.882362,-0.725342,-0.576392,-1.02389,-0.924107,-0.650934
565,-1.058611,1.300499,2.260938,1.156857,1.291565,-0.42401,-0.069758,0.252202,0.808431,-0.189161,-0.490556
447,-0.558197,-0.666881,-1.079087,-0.685152,-0.452951,-0.748357,-0.769495,-0.4746,-0.794687,0.241879,-0.689894
488,0.171869,-0.122251,-0.114038,-0.154479,-0.280898,0.652367,-0.701869,-0.443764,-0.020461,0.118379,-0.220106
151,2.808612,-0.763969,1.351952,-0.803464,-0.662847,1.796413,1.603016,1.513163,-0.255665,0.308472,3.020373
263,-1.186196,-0.632955,-0.395624,-0.65941,-0.399487,-1.40505,-0.915087,-0.622812,-1.074175,-1.260706,-0.926679
563,0.849484,2.010431,-0.346274,2.916691,1.726318,-0.214002,0.984878,1.543668,2.342934,0.003354,0.914648
194,0.55604,-0.453216,-0.462029,0.358868,-0.333042,0.346688,1.438701,0.783046,1.140961,0.594217,0.195592
433,-0.209467,1.493953,1.295707,0.805385,1.398493,0.344354,0.860803,0.706785,1.061478,0.39807,0.272377
244,-0.39659,0.429958,1.061657,0.579652,0.441639,1.189722,0.393566,0.240597,0.615401,0.159545,0.058287
489,-1.353473,-0.569793,-1.177425,-0.540108,-0.382545,-1.458052,-0.615799,-0.585676,-1.054223,-0.112881,-0.7924
465,0.215815,-0.448163,-0.731822,0.248971,-0.363624,-0.704022,2.296605,1.489953,0.305581,-0.639573,1.640891
483,-0.271841,-0.584952,-0.491058,-0.644559,-0.433369,-1.265378,-0.96645,-0.494494,-0.415766,-0.931372,-0.858972
397,-0.750991,-0.14896,0.087354,-0.098045,-0.214892,-0.540015,0.519318,0.449486,0.331534,-0.224274,0.102921
52,-0.240654,-0.641978,-1.059492,-0.666341,-0.503115,0.056343,-0.955607,-0.622812,-0.61577,-0.070504,-0.438735
147,0.302288,0.060736,1.255792,0.200458,-0.019957,-0.41701,1.301771,0.700816,0.563494,1.576164,2.108031
27,-0.823289,1.615944,1.146931,1.369225,1.170555,1.23639,0.097352,0.627208,1.186379,0.289099,0.159658
436,0.095318,-0.139576,-0.812016,-0.133193,-0.304439,-0.377008,-0.662746,-0.823213,-0.85876,0.204344,-0.535946
434,-0.817619,-0.369482,-0.995265,-0.620798,-0.361204,-0.428344,-0.493401,-0.573077,-0.570189,-0.609303,-0.615379
190,1.789355,-0.430117,1.620475,-0.373282,-0.18959,0.309686,6.143482,2.808608,0.788966,3.703513,2.997678
407,-0.234983,0.339728,1.0544,-0.155469,0.019866,-0.34334,1.07989,0.658375,0.261784,0.744354,1.488834
202,-0.071959,0.53679,0.622586,0.891521,0.942177,0.762038,1.438142,1.912705,2.085021,0.146227,0.529588
455,-0.373909,-0.232332,1.283007,-0.286652,-0.250975,-0.400009,-0.727578,-0.794367,-0.432798,-0.593563,-0.306347
452,-0.249159,-0.77227,0.885666,-0.668321,-0.582541,0.097678,0.023019,-0.082353,-0.426634,-0.374411,0.19181
385,-1.224471,0.037998,0.744147,0.023732,-0.161208,0.423691,-0.450366,0.066191,0.642977,-0.380465,-0.349468
188,-0.708463,-0.791399,1.286636,-0.918311,-0.56912,0.263351,-0.933475,-0.541577,-0.901259,1.313423,-0.683464
159,-0.760915,-0.445276,-0.826349,-0.523772,-0.479573,-0.299672,-1.081135,-0.996658,-1.333386,-0.505176,-0.427388
32,0.144934,0.706423,0.328662,0.56084,0.603791,0.409024,0.298554,0.614276,-0.109676,0.057839,0.022353
264,-0.991984,0.0546,-0.86826,-0.023296,0.111833,-0.849361,-0.749934,-0.378445,-0.311627,-1.102093,-0.839682
245,0.227155,-0.120086,2.531276,-0.172795,-0.376605,2.999795,-0.649332,-0.439122,-0.075612,1.721458,-0.088853
535,-0.040772,1.059043,-0.411409,0.910827,1.043825,-0.821026,0.038109,0.270438,0.391552,-0.128622,-0.41831
430,0.876418,-0.549221,-0.620421,0.296989,-0.355263,-0.025327,2.048456,1.570525,1.710316,-0.672264,0.752378
443,-0.725474,-0.806197,2.404272,-0.786633,-0.598822,1.22639,-0.680072,-0.396681,-0.111298,-0.408313,0.263678
154,-0.103146,-0.484255,-0.76956,-0.518326,-0.386066,0.514361,-0.296669,-0.047206,-0.366616,0.865433,-0.119491
9,2.783096,-0.38825,0.693345,-0.40942,-0.360764,0.036008,2.609587,1.509848,0.409395,-0.321136,2.377346
63,0.968562,0.016703,1.901698,-0.127747,-0.370004,0.565697,0.776969,0.37223,0.617023,2.58838,0.766752
329,0.357575,0.597064,0.435708,0.046999,0.382454,1.173055,0.67525,0.878538,0.010359,2.382547,0.904814
536,-0.422107,-0.730764,1.15056,-0.480704,-0.479573,-0.309339,0.019665,0.482643,0.156348,-0.730382,-0.014715
65,0.530523,-0.171337,0.116384,-0.205962,-0.112144,-0.112664,-0.132913,-0.289916,0.007115,-0.186739,-0.215945
438,-0.860147,-0.228362,0.836678,-0.264871,-0.235574,-0.401676,-0.811971,-0.864792,-0.771654,-0.04871,-0.555615
269,0.825384,-0.308126,0.493767,-0.314869,-0.431169,0.620366,1.250353,1.375893,0.917111,0.815791,1.443065
36,-0.21939,-0.430117,-0.358974,-0.103491,-0.339422,-0.387675,0.24993,0.53901,-0.030193,-0.031759,0.085899
98,0.428455,-0.626819,-1.229678,-0.688617,-0.540958,-0.296005,-0.680631,-0.496152,-0.796796,-0.488225,-0.470508
392,0.658107,0.872808,0.207101,0.895481,0.58465,0.07601,0.212484,0.591066,0.745169,-0.244857,0.165332
69,-0.888499,-0.60769,-0.623505,-0.690597,-0.484193,0.307019,-1.110309,-0.531962,-0.508387,0.241879,-0.71448
517,-0.130081,0.370767,-0.622598,0.390055,0.426017,-0.650686,-0.136825,-0.045548,-0.002618,-1.207431,-0.152777
92,-1.363396,0.001905,-0.115852,-0.081709,-0.087723,-0.853361,-0.843828,-0.607228,-0.158339,-1.192902,-0.892637
552,-0.911181,-0.592892,0.272418,-0.687627,-0.474733,0.598031,-0.734843,-0.617175,-0.404087,-0.190372,-0.782566
505,4.671344,-0.471984,0.314147,-0.534167,-0.498714,4.909873,1.307919,0.663017,0.438593,0.699555,2.906898
566,-0.895587,0.184892,-0.257371,0.276693,0.180698,-0.379342,0.661277,0.510827,0.612157,-0.891416,0.036727
163,0.682206,-0.397995,0.796763,-0.451002,-0.413348,1.433065,0.350531,-0.021344,-0.072368,-0.212166,0.587461
358,0.483742,0.479765,-0.030578,0.698459,-0.223473,1.296393,0.196276,0.008166,0.52943,0.947766,0.143394
442,-0.612066,-0.17639,-1.330918,-0.312394,-0.241955,-0.203001,-0.777878,-0.800832,-0.995827,-1.001598,-0.465591
15,1.130169,-0.126943,-0.333573,0.006406,-0.171329,-0.478012,0.945755,0.514474,-0.145362,-0.238803,0.632094
503,-1.128074,3.197139,-0.855742,3.350833,3.077223,-0.429344,0.451691,0.260823,1.583793,0.177707,-0.339633
176,2.60306,0.093579,1.894441,0.131649,-0.282878,1.939752,3.498789,2.911395,2.07691,2.210615,5.342837
327,-0.297358,-0.619601,-0.557282,-0.693072,-0.514116,-0.770691,-1.03905,-1.018243,-1.272557,-0.71222,-0.771596
1,-0.868652,0.499255,-0.876244,0.263327,0.742402,-0.605351,-0.692926,-0.44078,0.260162,-0.80545,-0.099444
404,-0.810531,-0.078941,-0.560729,-0.130717,-0.224133,0.220349,-0.949403,-0.624138,-0.242688,1.108801,-0.893772
24,0.071219,1.44956,-0.571797,1.281605,1.369891,-0.331006,-0.37212,-0.148667,-0.080478,-0.709798,-0.375945
139,-0.294523,-0.240994,0.228873,-0.502485,-0.30818,1.409731,0.531055,-0.332357,1.273972,-0.57419,-0.133486
101,2.180614,-0.653527,0.52824,-0.650005,-0.671142,1.049716,-0.818119,-1.057501,-1.913447,0.732247,0.115403
350,-0.777926,-0.186856,-0.987826,-0.317344,-0.31478,-0.152666,-1.033238,-0.86025,-0.892175,0.195869,-0.426253
90,-0.586549,-0.119364,-0.192055,-0.290612,-0.144707,-0.724356,-0.40789,-0.68581,-0.517471,0.037256,-0.341146
191,0.010262,1.176342,0.963683,1.11478,0.292907,-0.82336,-0.423539,-0.336004,0.936576,1.596747,0.786799
383,0.436961,-0.521069,-0.623868,-0.370807,-0.465052,-0.108664,0.646746,0.519779,-0.208624,-0.261808,1.168455
11,-0.280347,0.363187,-0.420843,0.345502,0.304128,-0.423343,0.845713,-0.132088,0.16608,-0.055974,0.132046
314,1.529934,-0.246769,2.830642,-0.318829,-0.495634,4.569859,-0.639831,-1.057501,-1.913447,4.954254,1.144247
352,-0.22506,2.128091,-0.663965,2.156324,2.480977,-0.224002,0.947432,0.356978,0.532674,0.339952,-0.155047
235,-0.630495,-0.527927,0.519168,-0.593571,-0.401907,0.116012,-0.651009,-0.815388,-0.284862,-0.958009,-0.329042
305,-0.569538,-0.555717,1.032628,-0.448032,-0.486834,-0.306339,-0.117823,-0.528315,-0.778304,1.380017,-0.599114
375,0.414279,-0.832544,-1.320576,-0.750991,-0.559439,-0.843694,-0.411243,-0.410607,0.02658,-0.145573,-0.037411
215,0.901935,-0.537311,-0.041464,-0.461893,-0.388266,-0.360341,0.497521,0.238607,0.414261,-0.139519,0.289399
466,-0.368238,-0.324728,-0.777362,-0.274276,-0.284638,0.084677,0.352767,0.472696,0.120662,-0.597195,-0.213676
486,-1.310945,-0.666881,-0.382561,-0.690597,-0.447891,-1.168707,-0.64542,-0.460674,-0.916831,-0.968906,-0.974339
250,-0.541186,2.161296,-0.718577,1.735548,2.146551,-0.586017,0.760202,2.098385,1.110141,0.419864,0.456586
339,-1.096887,2.179342,-0.53043,1.780101,2.722996,-0.24967,-0.322379,0.130184,0.1969,-0.69648,-0.25604
103,0.059878,-0.81161,0.009338,-0.66238,-0.628525,0.672368,-0.196627,-0.053174,-0.109676,-0.539078,-0.08507
206,0.007427,-0.691063,0.227059,-0.667826,-0.616204,0.89271,-0.725901,-0.793073,-0.692495,0.188604,-0.50039
345,1.028102,-0.242438,2.344398,-0.233684,-0.462192,3.439813,1.186639,-0.191771,0.18879,1.962404,1.120795
346,-0.328545,-0.585313,-0.117666,-0.647034,-0.491014,0.046342,-0.811412,-0.864129,-1.022105,-0.087455,-0.393723
317,-0.872905,-0.003869,-1.209357,-0.157944,0.188399,-0.740023,-0.496754,-0.25908,-0.059391,-0.94348,-0.508333
499,-0.081882,0.668527,-0.001548,0.663312,0.764624,-0.124998,0.135916,0.289338,0.485634,-1.134784,-0.025685
478,0.417114,-0.728238,-0.092266,-0.643074,-0.57198,-0.694688,-0.242457,0.320505,-0.609606,-0.255754,-0.068427
47,0.704888,-0.426147,-0.586311,-0.479714,-0.353943,-0.169667,-0.118382,-0.094289,0.0574,-0.376832,-0.057458
456,-0.161268,-0.330864,2.193808,-0.354471,-0.378585,0.940045,-0.072552,0.359962,-0.418685,0.509462,-0.630509
211,-0.315787,-0.660385,-0.63802,-0.703963,-0.510815,-0.508014,-0.458749,-0.37944,-0.819019,-0.530602,-0.330177
490,-0.430613,-0.654249,-0.141253,-0.638124,-0.490574,-0.648353,-0.750492,-0.745493,-1.175231,-0.540288,-0.528003
113,2.12958,-0.258319,1.166889,-0.40843,-0.449431,1.613072,0.67022,0.464738,0.59107,0.281835,1.133656
359,0.962892,0.370767,0.054696,0.198478,-0.216873,-0.068329,-0.921962,-0.278974,-0.848541,-0.135886,-0.409232
344,0.320717,-0.218617,-0.866083,-0.25299,-0.347783,0.831707,-0.810853,-0.510078,-0.095077,-0.122568,-0.262848
532,-0.176862,-0.723546,-1.336724,-0.73911,-0.507955,-1.071036,-1.019992,-0.822815,-1.089909,-1.211063,-0.793535
261,-1.37899,-0.016141,0.1817,-0.143093,0.089611,-0.438344,-0.805823,-0.644364,-0.669137,-0.778813,-0.838547
4,-0.56245,1.270543,-0.790244,1.273189,1.190357,1.483067,-0.04852,0.828471,1.144205,-0.361092,0.499328
226,0.241332,-0.771909,-0.569982,-0.82079,-0.626544,-0.176,-0.973436,-0.964097,-1.106941,-0.668632,-0.36838
464,-1.03593,-0.732208,-0.964965,-0.806929,-0.515876,-0.357341,-0.589531,-0.538925,-0.540667,-1.163843,-0.802991
277,-1.819865,-0.277447,-0.705514,-0.24903,-0.079142,0.176681,-0.801352,-0.187792,0.45968,-0.150416,-0.801478
257,1.865906,0.91684,-0.2864,0.591532,0.420737,1.036382,1.140251,0.594714,1.536752,-0.206112,1.840229
260,-1.003325,-0.026968,-0.333573,-0.138143,0.264085,-0.66602,-0.542025,-0.355567,-0.585761,-0.935004,-0.719776
301,-0.043607,-0.147877,-0.320873,-0.142103,-0.264396,-0.170333,0.458957,0.504858,0.362354,0.83032,0.32382
537,1.595143,-0.395108,1.380982,-0.350511,-0.426549,1.946419,0.529378,-0.439122,0.951175,-0.598406,0.767508
403,-0.113069,-0.936128,-0.565809,-0.924994,-0.637545,-1.384716,-0.705781,-0.522678,-0.728019,-0.223063,-0.689516
233,-0.974973,0.428875,-0.050536,0.445993,0.652855,-0.673687,-0.271519,0.088738,-0.14374,-0.915632,-0.343416
487,-0.233566,0.580101,0.346806,0.378669,0.602911,-0.58435,0.159389,0.353662,-0.005862,-0.408313,-0.220862
141,-0.045025,1.081781,0.208915,0.825187,0.742402,-0.09033,-0.340822,-0.040575,-0.020461,-0.217009,-0.136512
68,2.503828,-0.280696,-0.041464,-0.485654,-0.498714,0.836041,3.385892,9.015603,3.475158,2.594434,2.180277
363,-0.973555,-0.23919,0.40305,-0.258435,-0.148667,0.07201,-0.415155,-0.450064,-0.237822,-0.436161,-0.678547
379,2.367738,-0.699364,-0.344459,-0.567829,-0.579681,0.121345,1.118454,0.463744,0.25854,-0.382886,0.242117
51,-0.463218,-0.786707,-0.532425,-0.701488,-0.56736,-0.854694,-0.766142,-0.699736,-0.622907,-0.882941,-0.470508
195,-0.868652,-0.761442,-0.559278,-0.679706,-0.540958,-0.581017,-0.536994,-0.287926,-0.547642,-0.243646,-0.621431
239,-0.444789,0.474351,-0.654531,0.067295,0.190599,-0.727022,0.132562,-0.194755,0.315313,-1.002808,-0.391832
161,-1.564696,2.146859,-1.058222,2.032071,1.737319,0.788372,0.283464,0.38284,2.618691,1.334007,-0.163746
169,-0.892752,-0.483172,0.000266,-0.481694,-0.353283,-0.653686,-0.658275,-0.81625,-0.441719,-0.852671,-0.790131
212,-1.069952,8.906909,0.470181,9.461986,10.676614,2.136427,0.125297,1.060902,0.368843,3.303954,0.257626
120,-0.236401,-0.954174,-1.371922,-0.872768,-0.656467,-0.333673,-0.56941,-0.555503,-0.865573,-0.859936,-0.601005
367,-0.515669,-0.550304,-0.795142,-0.4911,-0.478913,-0.402676,-0.648215,-0.39436,-0.763868,-0.140729,-0.694055
171,-0.862982,0.232895,-0.126738,0.136599,0.067389,-0.346007,-0.829856,-0.344293,-0.381702,-0.646838,-0.728854
348,0.130758,-0.846259,-0.826168,-0.879204,-0.617964,0.716703,-0.946218,-0.745825,-0.889093,-0.362303,-0.297269
409,-0.967885,-0.256153,1.023556,-0.389618,-0.320061,-0.384342,-0.132913,-0.374798,-0.169694,0.634173,-0.577932
112,2.111151,-0.15293,0.495582,0.263822,-0.243935,-0.581017,2.737574,3.700532,1.804398,0.619644,3.474275
524,0.866495,-0.56077,-0.001548,-0.440607,-0.552179,0.563697,-0.282697,-0.705373,-0.81026,-0.278759,-0.113817
62,1.434954,1.077089,0.092797,1.241012,0.449779,0.788706,2.519604,1.230002,1.084187,-0.428896,0.876823
393,0.462478,0.790518,-0.536961,0.63955,0.894434,-0.608684,0.658483,0.506848,0.175813,-0.011175,0.088169
75,-1.259911,1.235173,-0.364417,1.070722,0.856151,1.259725,-0.192715,0.102995,1.020925,-0.610514,-0.698594
124,-0.647506,-0.870802,-0.139439,-0.813365,-0.56494,-0.374008,0.403626,0.586093,-0.229711,-1.024602,0.106325
231,-0.923939,-1.025637,-0.588126,-0.89455,-0.69816,-1.129372,-0.503461,-0.516046,-1.406542,-0.626254,-0.659256
285,-0.602143,-0.481007,0.241574,-0.566839,-0.393546,-0.219335,-0.976398,-0.995829,-1.439146,0.625698,-0.673251
448,-0.756662,-0.547416,0.248831,-0.431696,-0.380565,-0.964699,-0.279344,0.062875,-0.478216,-0.799396,-0.555237
460,0.001756,1.890966,-0.117666,1.576643,1.647112,0.566363,-0.183773,-0.155298,0.451569,-0.011175,0.235309
218,-0.990566,1.985527,-0.055979,1.792477,1.849528,-0.078996,0.347178,0.08509,0.863582,-0.190372,0.094599
467,0.187463,-0.229445,0.172629,-0.292592,-0.425889,1.31306,-0.72143,-0.715652,-1.275315,0.773413,-0.308617
525,1.199632,-1.005064,-0.975307,-0.889599,-0.727884,0.285352,-0.439188,-0.460343,-0.726073,-0.559661,0.049209
80,1.028102,-0.288997,1.736593,-0.390608,-0.345803,1.109719,-0.470486,-0.20006,-0.695902,-0.288445,0.0685
472,-0.865817,-0.579538,-1.421454,-0.514861,-0.374625,-1.256711,-0.434717,-0.291573,-0.551048,-1.09725,-0.535568
549,0.068384,0.412994,1.272121,0.345502,-0.161428,0.407357,-0.378827,-0.634086,-0.953653,0.498565,-0.309373
527,-0.66877,-1.041517,-1.30842,-1.03692,-0.690459,-1.120038,-0.91151,-0.767974,-0.982364,-1.120254,-0.918736
168,0.120835,2.464469,0.350434,2.213253,1.803324,-0.289005,0.607064,0.482311,0.631622,-1.100882,0.501219
351,1.875829,0.415882,0.194401,0.302434,0.239443,0.762705,2.241833,2.242618,1.789799,4.224151,1.337155
57,0.677954,0.062901,-0.121295,-0.064878,-0.005436,-1.127372,0.171685,-0.204702,0.149859,-0.287234,0.118429
560,-0.15418,-0.146794,0.499211,0.010861,-0.230954,0.071677,0.07276,-0.370819,0.724082,0.031202,0.570818
424,1.062124,1.051464,0.961868,0.861819,0.07003,2.009755,-0.370444,-0.857862,-0.207002,1.266203,0.162684
355,-0.135751,-0.162314,0.47381,0.171251,-0.282658,0.937378,0.942961,1.021776,1.275595,0.708031,0.155119
42,0.089648,2.078645,0.814906,2.952333,1.420495,-0.164333,4.198526,2.166357,2.365644,3.969886,1.456682
217,0.049955,-0.174946,1.279378,-0.058938,-0.386066,-0.787025,0.319792,0.856986,-0.176182,0.612379,0.309446
286,0.689294,-0.472706,0.314147,0.164321,-0.405427,-0.107331,1.457703,0.397098,0.735436,-0.220641,1.596257
135,-0.304446,-0.608051,0.296004,-0.697527,-0.450311,0.15268,-0.752169,-0.284279,-0.466537,-0.493068,-0.441005
521,0.651019,2.116181,-0.574155,2.071179,2.190554,-0.684021,0.371211,0.126537,0.677041,-0.212166,0.365049
278,-1.07704,-0.531175,-0.092266,-0.585651,-0.398607,-1.100038,-1.1292,-0.704378,-1.095262,-0.859936,-1.009516
504,4.567859,0.008763,-0.224713,0.073235,-0.44657,0.914044,1.114541,0.097358,1.6357,0.590585,2.517299
97,0.865077,-0.253266,1.498914,-0.363382,-0.44635,1.363062,-0.606297,-0.881503,-1.061847,-0.306607,0.708123
84,-0.441954,-0.642699,0.069211,-0.705448,-0.531937,-0.357341,-0.411243,-0.392039,-0.7736,-0.099563,-0.449326
553,0.41995,-0.374896,1.201362,-0.368827,-0.494534,1.299726,-0.398947,0.267454,0.16608,2.06411,0.313228
469,1.382503,0.017786,0.949168,0.079671,-0.274737,2.516442,0.367857,0.587419,1.072832,-0.299342,0.53791
87,-0.922521,0.52091,-1.003792,0.093531,0.380914,-1.056369,-0.394476,0.172625,0.033069,-0.109249,-0.173203
22,1.066377,0.12137,-0.920332,0.256397,0.100612,-0.083996,1.553833,1.079801,1.739514,1.958772,0.226609
19,-0.72831,-0.488225,-0.776999,-0.400014,-0.369124,0.473693,-0.607974,-0.266043,0.21961,-0.089876,-0.565449
265,-0.858729,2.767643,0.726003,2.417205,3.506257,-0.830027,-0.597914,-0.346946,-0.408142,-0.832088,-0.565828
38,-1.099722,2.91923,1.761994,2.579575,1.444697,-0.052662,-0.81253,-0.454706,1.196112,-1.53289,-0.771975
479,0.422785,-0.326533,-0.419392,0.100957,-0.158788,0.718703,1.633196,1.621255,1.679497,0.870276,0.96836
17,1.525681,0.592011,-0.261,0.489061,0.304568,-0.004993,-0.026164,-0.000455,0.190412,-0.442215,0.13129
189,-1.14225,-0.602637,-0.691906,-0.58367,-0.484413,-0.34834,-0.187685,-0.355567,-0.869953,-0.035391,-0.782944
178,-1.482475,-0.837597,-0.13581,-0.873758,-0.57198,-1.207709,-1.298098,-1.004615,-1.613035,-0.534235,-1.069167
164,-1.030259,0.934886,-0.654531,0.859839,1.265383,-0.710355,-0.002132,-0.121809,0.719215,-0.118935,-0.020767
451,-1.259911,0.224594,0.286932,0.024722,0.348571,1.619739,-0.345852,0.569514,0.518075,-0.500333,-0.751927
290,1.293194,1.717724,1.003598,0.739546,0.809067,0.24035,4.522686,2.244939,2.581382,2.44914,7.211398
67,-0.868652,-0.478119,-0.497046,-0.512386,-0.488154,0.747037,-0.908883,-0.373471,-0.459238,0.155913,-0.6237
110,1.113158,-0.007839,0.375835,-0.058938,-0.384306,2.269766,0.21472,-0.154967,-0.254043,1.485355,0.318902
556,0.072637,-0.581343,1.584188,-0.602977,-0.517856,1.95642,-0.182096,-0.919103,-0.764679,0.626908,-0.573771
150,-0.273259,0.054239,0.190772,0.003436,-0.122265,-0.007993,-0.785703,-0.41127,-0.04317,1.085796,-0.855568
321,-1.678104,0.676106,-0.962606,0.495991,0.759343,-0.835027,-0.654921,-0.180497,0.109307,0.168021,-0.834386
526,0.05279,-0.741231,-1.106847,-0.704458,-0.533917,-0.876028,-0.617475,-0.557161,-0.718124,-0.847828,-0.759492
18,-1.254241,1.274152,-0.362603,1.484567,1.585507,-0.182334,-0.365972,0.066854,0.553762,-0.845406,-0.68006
446,-0.515669,-0.055842,-0.253742,0.003436,0.07949,-0.775691,-0.297787,0.168314,-0.11292,-0.98949,-0.468617
432,-0.321457,0.100798,-0.391632,0.070265,0.267385,0.682035,0.09344,0.781388,1.184757,0.480403,0.079469
523,0.79845,-0.310652,0.058325,-0.288137,-0.305539,-0.100664,-0.165888,-0.365845,0.279627,-0.223063,-0.01812
418,-0.006749,-0.649196,-1.036269,-0.662875,-0.505315,-0.303339,-0.718077,-0.756601,-0.5783,-0.413156,0.234174
272,-0.121575,2.749597,0.245202,2.970649,2.562383,-0.451345,1.34816,1.041007,0.618645,-0.15768,0.309824
153,-0.247742,-0.649918,-0.789881,-0.711388,-0.546898,0.659367,-0.921794,-0.660943,-0.578137,0.404124,-0.823039
509,1.138675,-0.260123,1.350138,0.035118,-0.171989,0.832374,1.336982,0.938221,1.397252,0.061472,0.834081
288,-0.066289,0.293891,1.248535,0.005416,-0.124465,2.899791,3.193632,1.627887,3.742804,1.651232,1.029637
258,2.586049,3.200748,2.244609,3.590923,2.159752,1.773079,1.926616,1.671985,2.991773,0.342374,0.849967
228,-0.369656,-0.578456,-0.2737,-0.703468,-0.480233,-0.624018,-0.141855,-0.057485,-0.503683,-0.834509,-0.146725
476,-0.383832,-0.207068,-0.360789,-0.057948,-0.205212,-0.978033,0.413687,-0.122141,0.276383,-0.537867,-0.397506
423,-0.140004,-0.652444,-0.583953,-0.525752,-0.461532,-1.020368,0.145976,0.15903,0.153104,-0.57298,0.060935
64,0.439796,0.073368,-0.070493,0.030168,-0.085302,0.246684,0.055994,-0.071742,0.179057,-0.507597,-0.073344
137,-0.587967,-0.827491,-0.404696,-0.852967,-0.608723,-0.636019,-0.573882,-0.582029,-0.51812,-0.669842,-0.834764
343,-0.800607,0.784743,1.936171,1.142006,0.601151,-0.761691,0.458398,0.383172,1.016059,2.060478,-0.191737
302,1.68587,2.406722,0.954611,2.444432,1.990339,0.307686,1.220732,1.47868,1.226932,0.825477,0.806846
561,-1.102557,-0.328698,4.860893,-0.40843,-0.385626,0.184348,-0.927774,-1.057501,-1.913447,-0.078979,-0.764788
8,1.572462,-0.35685,-0.389818,-0.227743,-0.352403,-0.436677,0.53329,0.120568,0.075243,0.107482,-0.017363
502,0.470983,-0.532258,-0.221084,-0.643569,-0.480673,0.887043,-0.548172,-0.203707,-0.030193,0.904178,-0.497364
28,0.368916,0.122092,-0.371675,0.31283,0.06959,-0.602684,0.284582,0.128194,-0.156717,-0.346563,-0.313156
457,-0.986314,-0.710192,0.241574,-0.768317,-0.500695,-0.424344,-0.972262,-0.55683,-0.867033,-0.856303,-0.743984
136,-0.474559,0.157823,2.342584,0.194023,-0.131286,-0.154333,-0.652686,-0.174861,0.206633,-0.841774,-0.03325
365,-1.024589,0.624133,-0.5444,0.669252,0.706319,-0.277671,-0.358707,-0.270021,0.456436,-0.737646,-0.71448
384,-0.972138,-0.800783,-1.244737,-0.630698,-0.551739,-0.923364,-0.265371,-0.11982,-0.539856,-0.718274,-0.447057
81,0.882089,-0.430117,-0.364417,-0.658915,-0.602343,-0.08233,0.57409,0.262149,0.329912,0.096584,0.305663
306,-0.546856,-0.775518,-1.167264,-0.82277,-0.546458,-1.136372,-0.984614,-1.0201,-1.526415,-0.859936,-0.457648
282,-0.549692,0.237226,-0.402337,0.018287,0.282126,-0.462345,-0.19495,-0.043227,0.518075,-0.522127,-0.692164
475,-0.519922,-0.92133,-1.323298,-0.827225,-0.631385,-0.722689,-0.420185,0.042649,-0.557375,-0.548764,-0.56961
118,1.490241,0.529933,-0.262814,0.362333,0.402476,0.552696,0.798207,0.915342,0.341267,-0.677107,0.828029
55,-0.528427,-0.289719,-0.467653,-0.338135,-0.371105,0.429024,-0.936493,-0.610212,-0.50709,1.409075,-0.53292
557,-0.312952,0.477599,3.102794,0.372234,-0.247015,1.516402,-0.795763,-1.057501,-1.913447,1.149967,-0.17812
284,-0.488735,-0.410988,0.312333,-0.25695,-0.375065,-0.207668,0.789823,1.570857,0.964152,-0.213376,-0.037411
256,-0.067706,1.578769,-0.032392,2.124642,1.453497,-0.228336,1.239175,0.223355,0.550517,-0.143151,0.551149
426,0.900517,-0.279974,-0.163025,-0.149529,-0.430509,0.107678,0.737287,0.687553,0.136883,0.129276,0.391527
387,-1.14225,-0.545251,-1.079632,-0.57278,-0.378805,-1.104371,-0.633124,-0.398339,-0.775384,-0.493068,-0.690272
497,-0.331381,-0.90942,-0.790788,-0.798514,-0.625444,-1.081703,-0.657716,-0.611207,-0.762408,-0.627465,-0.852542
298,-0.983478,-0.632233,-0.993995,-0.596541,-0.43513,-1.290712,-0.654362,-0.699736,-1.062982,-1.151735,-0.69519
157,-1.434276,0.2661,1.529758,0.303424,0.138015,-1.199375,0.063259,-0.044222,-0.11292,-0.646838,-0.860864
249,-0.158433,-0.537671,-0.324502,-0.584165,-0.477813,-0.126331,-0.737638,-0.359545,-0.281618,-0.456744,-0.382376
342,0.889177,-0.884517,-0.715493,-0.748021,-0.649866,0.125012,-0.374915,-0.14303,-0.27513,0.355692,-0.332068
508,-0.882828,-0.716327,-1.35396,-0.851482,-0.432709,0.117678,-0.75161,-0.238522,0.407773,-0.859936,-0.4637
267,-0.596472,-0.242438,1.268492,-0.136163,-0.298719,-0.535015,-0.079259,-0.029965,-0.30449,-0.029337,-0.297269
338,0.072637,-0.517099,1.448112,-0.538623,-0.516756,0.254017,-0.614122,-0.497147,-0.608795,0.055418,-0.384645
360,-1.551938,-0.195157,-0.479265,-0.265861,-0.264836,-0.419343,-1.161672,-1.03121,-1.326735,-0.013597,-1.035238
12,2.155097,1.986249,4.265788,4.061202,1.669114,-1.300712,3.213194,1.890159,4.720928,2.941929,3.42132
210,-1.780172,1.64193,0.477438,2.060783,1.570106,0.361022,0.59421,0.762488,2.57165,1.358222,-0.540863
533,-1.220218,1.546286,0.94191,1.139531,1.321487,-0.701021,0.302466,0.299616,0.842495,0.92234,-0.406962
167,-1.057194,0.699566,0.315962,0.625194,0.59411,-0.306005,-0.04349,-0.186797,0.688396,0.044521,-0.114196
79,-0.400843,-0.504106,-0.221084,-0.538623,-0.43975,-0.582683,-0.495636,-0.370819,-0.586735,-0.370779,-0.358168
369,-0.198126,2.175733,-0.937931,2.324139,1.977138,-1.021034,0.152682,0.128194,0.472657,-0.649259,0.000415
437,-0.541186,-0.057647,-0.309987,-0.109926,-0.167149,0.311686,-0.700192,-0.524336,-0.446099,-0.059607,-0.364976
485,1.481735,-0.04718,-0.017878,1.058346,-0.223253,0.064343,2.751546,2.636192,2.500278,1.426026,2.205998
408,-0.298776,0.175148,-0.623324,0.096502,0.20842,0.063343,0.125297,-0.225591,0.487256,-0.775181,-0.173581
308,-1.339297,-0.652444,-0.962425,-0.671786,-0.43887,-1.234376,-1.214599,-0.990192,-1.387564,-0.695269,-0.843086
414,-1.397419,0.22712,0.744147,0.087591,0.110953,-0.069996,-0.626418,-0.232222,-0.439448,1.327953,-0.773488
41,0.836725,-0.608412,0.383092,-0.516841,-0.514116,0.341021,-0.43807,-0.197076,-0.231333,-0.844196,-0.285543
276,-0.650341,-0.605164,0.11457,-0.644064,-0.511475,0.461692,-0.921067,-1.008196,-1.372803,0.3678,-0.820013
146,1.546945,-0.308487,0.379464,-0.289622,-0.343602,-0.538015,0.606506,0.483969,1.076077,4.327067,0.317767
405,0.475236,-0.092295,0.954611,0.075215,-0.320281,0.826041,-0.231279,-0.397676,-0.039926,0.029991,-0.413771
35,-0.884246,0.203299,-0.539139,0.070265,0.106773,-0.421677,-0.027282,0.167651,0.024958,0.889649,-0.427388
13,-1.335044,-0.006757,-0.251928,0.018287,-0.082662,0.909377,0.323146,0.617261,1.317769,1.122119,-0.299917
166,0.170451,-0.83868,-1.470441,-0.861383,-0.634905,0.256017,-0.87535,-0.693105,-1.046599,-0.968906,-0.633535
173,0.551787,-0.714162,1.0671,-0.73713,-0.467692,2.639781,-0.238544,-0.575729,0.654332,1.244409,0.374505
531,0.256925,-0.716327,-0.621147,-0.729209,-0.549978,-0.596684,-0.458749,-0.447411,-1.054061,-0.732803,-0.425118
388,1.37825,-0.269507,-0.271886,-0.147053,-0.382105,1.113052,2.303312,2.083133,1.406984,-1.011284,3.228412
205,-0.416437,-0.483894,-1.550817,-0.441597,-0.305759,-0.523014,-0.351441,-0.381429,-0.573596,-0.643205,-0.345685
6,-0.762332,0.149883,-0.80494,0.15541,0.298627,-0.90903,-0.651568,-0.310141,-0.228089,-0.829666,-0.611218
144,-0.838883,-0.551026,0.040181,-0.524762,-0.497174,-0.164666,-0.428569,-0.388392,-1.003127,-0.464009,-0.542754
540,0.711976,-0.457547,0.999969,-0.612877,-0.428529,1.703076,0.874216,0.783709,0.509965,-0.259386,0.649494
30,-0.117322,1.53582,0.452038,1.340514,1.422695,-0.264337,0.461752,0.665338,-0.03506,-0.057185,0.289399
435,0.374586,-0.665437,-0.478177,-0.625748,-0.472752,-0.575683,-0.42298,-0.33302,-0.361588,-1.006441,-0.358924
31,2.153679,0.279093,-0.339016,0.301444,0.014585,-0.49668,0.484107,0.336752,-0.219979,0.264884,0.708123
203,1.617825,0.576131,1.293893,0.516288,0.272445,0.594364,0.313085,-0.025654,0.180679,-0.068082,0.268973
59,1.286106,-0.899675,-1.156197,-0.900985,-0.704386,1.023049,-0.834327,-0.40066,-0.98204,0.04331,-0.380863
95,-0.894169,1.271986,0.530054,0.835582,1.045806,-0.341673,0.522112,0.345705,0.144993,0.729825,0.233039
37,-0.590802,-0.798617,2.041403,-0.839601,-0.57594,-0.896363,-1.150159,-0.612202,-0.025327,0.746776,-0.763275
331,0.368916,-0.493639,-1.180146,-0.198537,-0.433149,-0.438011,0.395243,0.399087,-0.322008,0.843639,0.293938
237,-1.563278,1.01862,-0.319059,1.12765,0.949658,0.306019,0.327058,0.353994,0.797076,-0.863568,0.052235
10,-0.826124,-0.092656,-0.054164,-0.198042,0.003805,-1.004034,-0.905921,-0.692442,-0.682114,-0.719485,-0.284787
389,-0.561032,0.741794,2.937689,1.245963,0.654835,1.39973,0.865833,1.418997,3.668187,0.864222,0.924861
324,-0.213719,-0.532979,-0.743071,-0.449022,-0.469232,-0.546015,-0.631448,-0.70902,-1.079365,-0.873254,-0.654338
179,-0.208049,-0.41965,-0.411772,-0.538623,-0.408067,0.497694,-1.06828,-0.85259,-0.711798,-1.197745,-0.167907
220,0.091065,-0.703695,-1.421091,-0.730199,-0.504655,-0.969366,-0.476634,-0.509747,-0.833293,-0.827245,-0.40091
50,-0.555362,0.00371,-0.012434,-0.114381,-0.261096,-0.394676,-0.878591,-0.670227,-0.705796,0.425918,-0.766301
401,-1.047271,-0.552108,-0.311801,-0.602482,-0.470552,-0.288671,-0.751051,-0.60126,-0.967441,-1.16021,-0.733015
368,-1.737644,2.893965,-0.300915,2.409285,4.043098,-0.491013,-0.80247,-0.362529,0.028202,-0.958009,-0.75344
29,-0.185367,0.704258,-0.715493,0.88558,0.45682,-0.471345,0.271168,0.072159,0.282871,-0.15647,-0.020011
78,2.639918,1.90035,1.212248,2.862733,1.673514,1.113052,2.396089,2.559931,2.292649,7.071917,0.829163
204,0.132176,-0.032743,-0.313616,-0.182696,-0.221053,-0.029327,-0.355912,-0.161929,-0.231333,-0.329612,-0.079018
214,0.217232,0.056044,1.139674,0.330651,-0.205432,1.279726,0.64954,0.16533,0.725704,2.960091,0.368075
127,-1.75182,1.02656,0.227059,1.163293,0.899714,-0.871028,0.102382,0.282043,0.294226,-0.029337,-0.419444
46,0.316465,-0.898232,-0.472008,-0.877224,-0.706961,0.642366,-0.50402,-0.530967,-0.953653,0.62933,-0.458783
554,-0.810531,-0.698642,0.259717,-0.675251,-0.517196,0.457026,-0.22066,0.23496,-0.67741,-0.43495,-0.375945
449,-0.877158,0.935247,0.261531,0.829642,0.914235,-0.524681,-0.264254,-0.00145,0.464546,-1.241333,-0.601383
564,-0.931027,2.78208,0.071025,2.379583,2.604187,1.086384,0.191805,0.666001,2.067178,-1.138416,0.16798
297,0.010262,0.865589,1.611403,0.62965,0.193019,-0.481679,-0.862272,-0.635743,0.409395,-0.580244,-0.39221
491,-1.469717,0.282341,-0.309987,0.146995,0.233502,-0.890696,-0.961531,-0.6752,-0.707094,-0.910789,-0.940296
492,-0.287435,1.261881,0.129084,1.231112,1.086949,0.318687,0.085056,0.181577,0.759768,1.020413,0.076065
181,1.58522,0.810729,-0.823628,0.766278,0.904775,-0.929364,1.235822,0.226339,0.628378,-0.310239,0.567413
427,-0.429195,-0.351797,0.733261,-0.309918,-0.44305,-0.166,-0.223454,-0.065774,-0.218356,-0.254543,-0.417931
471,-0.824707,0.725191,2.58752,0.610343,0.101712,0.15868,-0.554879,-0.57175,0.005493,-0.008754,0.033322
515,-0.097476,-0.585313,-0.375303,-0.680696,-0.487274,0.512028,-0.506814,-0.361535,-0.117786,0.45982,-0.975096
445,0.808373,-0.515655,-0.023321,-0.495555,-0.460872,0.426358,-0.292198,-0.283616,0.787343,0.048153,-0.045732
506,0.870748,-0.808723,-0.763754,-0.930835,-0.610703,-0.256337,-0.195509,0.257507,-0.308545,-0.888995,0.006845
93,-0.807695,-0.397634,0.283304,-0.379718,-0.332602,-0.385675,-0.590648,-0.436801,-0.394192,-0.206112,-0.748145
453,-0.22506,-0.357933,-0.899104,-0.357936,-0.322041,-0.302672,-0.724783,-0.522015,-0.070746,0.184972,-0.087718
357,-0.56245,-0.544529,0.26516,-0.558919,-0.431169,-0.467679,-0.980254,-0.883294,-0.933377,-0.617779,-0.646017
544,0.578721,-0.480646,-0.308173,-0.391104,-0.378805,-0.24767,-0.210041,-0.190445,-0.443666,-0.683161,-0.074101
26,0.913276,-0.543807,-0.423928,-0.374272,-0.424349,-0.863028,0.283464,-0.168561,0.279627,-0.726749,-0.031737
356,0.313629,-0.34133,0.531869,-0.136658,-0.412908,0.255351,0.773615,0.637486,1.129606,0.975614,0.726279
227,-0.528427,-0.625736,-1.306787,-0.292097,-0.450091,-0.974032,0.368416,0.150741,-0.039926,-0.803029,-0.22351
377,-0.732562,-0.852755,-0.121295,-0.725744,-0.559439,-0.699688,-0.75161,-0.808558,-1.073364,-0.741279,-0.798452
234,0.174704,-0.685649,-0.701704,-0.817325,-0.609383,1.533069,-0.84271,-0.664258,-0.352504,0.39807,-0.096418
341,1.198214,-0.796813,-0.497046,-0.711388,-0.621924,-0.362341,0.515964,0.609634,-0.533043,-0.368357,0.089304
129,-0.236401,0.325291,-0.032392,-0.050027,0.505884,-0.669353,0.352767,0.519116,-0.221601,-0.576612,-0.215945
289,-0.460382,-0.503745,1.373724,-0.451497,-0.502675,-0.167666,-0.644302,-0.60126,-0.303679,1.648811,-0.327908
539,2.085634,-0.669769,0.475624,-0.703468,-0.629405,2.809788,2.184826,2.010187,0.299092,0.061472,1.420748
145,2.210384,-0.032382,-1.021573,0.0767,-0.336782,1.043049,1.225762,-0.132751,-0.11292,1.298894,2.128835
138,-0.090388,3.215185,0.426637,2.748876,1.35449,0.98638,0.520995,1.123237,2.630045,3.770106,-0.343416
410,-0.519922,-0.770826,0.613514,-0.74604,-0.586941,-0.550015,-0.868028,-0.671885,-0.960952,-0.863568,-0.807909
56,-0.451877,1.163349,-0.043278,0.975676,1.367691,-0.194334,-0.135149,-0.081026,0.581337,-0.244857,-0.448948
216,0.048537,-0.392942,0.628029,-0.385658,-0.415328,0.610365,0.918928,0.914016,0.981995,0.894492,0.370723
281,-0.236401,0.565664,0.092797,0.421242,-0.05516,0.33102,-0.618034,-0.555503,1.080943,1.049472,-0.677034
16,-0.507163,0.243723,0.041996,0.162836,0.111393,-0.441011,-0.774525,-0.395023,-0.114542,-0.780024,-0.646773
444,-0.708463,-0.384641,-1.136239,-0.467833,-0.100484,-0.974699,-0.552085,-0.071079,-0.331417,-0.919264,-0.514007
547,0.615579,-1.049457,-0.351717,-0.92935,-0.7263,1.076384,0.299672,-0.191108,-0.134007,0.269727,0.792473
270,-1.281175,-0.992432,-0.901826,-1.001031,-0.650526,-1.183041,-1.216611,-0.897485,-1.328195,-0.627465,-0.913062
44,-0.145674,-0.762886,-1.096868,-0.758416,-0.56868,-1.230376,-0.65045,-0.576061,-0.801825,-1.139627,-0.784835
34,0.333476,-0.256875,-0.963695,-0.338135,-0.116765,-0.952032,0.178951,-0.174198,-0.442692,-0.425264,0.008358
371,-1.043018,-0.818829,-1.459374,-0.756436,-0.497614,-0.676354,-0.594002,-0.543235,-0.428418,-0.493068,-0.767057
310,-0.215137,-0.884517,0.386721,-0.869798,-0.639305,-0.325673,-0.914808,-0.712005,-0.67449,0.356903,-0.807152
538,1.425031,-0.099152,0.44478,-0.185171,-0.466372,1.873083,-0.88228,-1.057501,-1.913447,1.002252,1.163916
72,0.293783,0.669609,-0.319059,0.415301,0.640974,-0.407009,1.714795,0.352336,-0.085345,-0.638362,0.947178
73,0.405774,-0.456464,-1.08199,-0.450012,-0.373745,-0.774691,-0.269842,-0.474269,-0.420145,-1.010073,-0.251501
279,-0.604978,-0.567628,-0.539501,-0.512881,-0.460432,-0.935364,-0.562704,-0.574403,-0.221601,-0.637151,-0.832873
196,0.846648,0.772111,1.624104,1.009833,0.206,2.253098,0.44722,0.489274,1.428072,0.76857,0.193323
74,-0.518504,-0.558244,-0.348088,-0.557434,-0.454491,-0.729023,-0.407331,-0.452053,-0.621447,-0.809083,-0.563936
23,-1.4201,1.03414,-0.163025,0.71133,1.180456,-0.771024,-0.720312,-0.488858,-0.229711,-1.175951,-0.683842
334,-0.474559,-0.798256,0.571784,-0.825245,-0.596182,0.280018,-0.952701,-0.825269,-0.855516,-0.139519,-0.594953
400,1.184038,-0.007839,-0.802218,0.127194,0.025806,0.039342,0.654012,0.98663,-0.208624,-0.560872,0.493276
431,1.165609,-0.824604,0.441152,-0.32774,-0.547998,0.98638,0.417599,0.554262,-0.020461,0.160756,0.835972
254,-0.897005,0.688377,-1.057134,0.460844,0.674637,-0.797359,-0.41795,-0.146014,0.141749,-0.834509,-0.470887
48,-0.335633,-0.510963,-0.884408,-0.50397,-0.450311,-0.517681,-0.626418,-0.287595,-0.995341,-0.75823,-0.519303
130,0.271101,-0.738704,-0.726742,-0.442092,-0.552179,-0.08933,-0.051314,-0.719962,-0.600522,0.735879,0.131668
555,-0.216555,-0.668686,1.854525,-0.707428,-0.56934,1.669741,0.105176,0.535363,0.878181,-0.255754,0.432378
520,2.007666,-0.185413,-0.157582,-0.236654,-0.455591,2.806454,-0.004367,-0.329041,0.649465,2.352277,0.040131
122,0.846648,3.983947,3.452962,3.435978,4.238914,5.429894,4.056567,3.179967,1.042013,3.018209,2.299805
496,0.814044,-0.623571,-1.058948,-0.579215,-0.482653,-0.445678,-0.025605,-0.183482,-0.239444,-0.35746,-0.087718
225,-1.179108,0.421657,-0.734362,0.444013,0.174978,0.016008,-0.625859,-0.274995,0.172569,0.256408,-0.882046
326,-0.821872,-0.534423,-0.246485,-0.647529,-0.361204,-0.116331,-0.791292,-0.867942,-0.838484,-0.772759,-0.498877
106,0.340564,-0.357933,0.798577,-0.351996,-0.433809,0.499694,-0.132913,-0.081026,0.354244,-0.592352,0.017058
381,-0.04786,-0.869719,-0.337202,-0.784653,-0.630505,-0.581683,-0.360384,-0.486205,-0.784468,-0.210955,-0.701242
415,0.014515,-0.470901,-0.025135,-0.463378,-0.457791,0.951379,0.282346,-0.517041,-0.408791,0.246722,-0.57604
71,3.82787,0.436815,-0.661607,0.14947,-0.327761,3.389811,3.811771,0.822834,0.951175,0.589374,6.859624
558,-0.188203,-0.648835,-0.197498,-0.317839,-0.457571,-0.933031,1.168754,1.123568,0.69164,-0.503965,0.231148
21,0.886341,-0.461517,-0.435539,-0.473774,-0.542058,0.855042,-0.623623,-0.399334,0.391552,-0.03297,-0.312777
316,-0.894169,-0.699725,-1.11991,-0.706933,-0.539418,-0.566016,-1.101646,-0.685147,-1.094126,-0.093509,-1.076013
463,-0.596472,-0.806919,-0.818729,-0.773762,-0.603883,-0.110664,-0.47328,-0.367835,-0.697362,0.084477,-0.388428
454,-0.643253,-0.851673,-0.996897,-0.866333,-0.594422,-1.051036,-0.946721,-0.641048,-0.796147,-0.540288,-0.815852
413,-0.519922,-0.312457,0.216173,-0.275266,-0.260216,-0.864028,0.145417,0.04066,0.02658,-0.179475,0.083252
330,-0.430613,-0.245686,-0.851387,-0.117352,-0.155488,-0.400676,0.389654,0.174283,0.453192,-0.711009,-0.254905
468,1.54411,1.890244,0.450223,1.452886,1.420495,-0.091663,2.502279,1.127879,1.835218,-0.461587,2.838813
322,0.278189,-0.663994,-0.317244,-0.619808,-0.522916,-0.377008,-0.297228,-0.426854,-0.273508,-1.031867,-0.260201
307,0.784274,-0.832183,0.159928,-0.852472,-0.67211,0.116012,-1.151053,-0.93545,-1.350255,0.7831,-0.621052
373,-1.13658,0.752621,-1.014859,0.620244,0.807087,-0.276671,-0.364855,-0.168561,0.084976,-0.942269,-0.788239
304,-0.052113,-0.279252,-0.2864,-0.193586,-0.382985,-0.129665,0.058229,-0.321083,-0.647077,-0.194004,-0.145212
529,0.465313,-0.555357,-1.293361,-0.570305,-0.479573,0.095344,-0.779555,-0.461337,-0.618041,-0.111671,-0.590414
40,-0.982061,-0.601554,-0.708235,-0.640599,-0.43579,-1.25371,-0.808059,-0.596618,-0.797283,-0.816347,-0.948996
115,-0.121575,-0.336999,-0.533695,-0.428726,-0.342062,0.254017,-0.022811,-0.449069,-0.662649,-0.939848,0.02311
2,-0.398008,1.228676,-0.780083,0.850928,1.181336,-0.297005,0.814974,0.213076,1.424827,0.237036,0.293559
39,0.197386,-0.693589,-1.134788,-0.653965,-0.480013,-0.558016,-0.172595,-0.046543,0.133639,-0.81998,-0.22994
